,City Name,Country,Latitude,Longitude,Max Temperature,Humidity,Cloudiness,Wind Speed,Date
0,Puerto Limón,CR,10.0,-83.03,79.16,80,100,1.99,1594871199
1,Castro,BR,-24.79,-50.01,49.23,91,61,8.72,1594871250
2,Nabire,ID,-3.37,135.48,84.79,69,20,4.7,1594871280
3,Ushuaia,AR,-54.8,-68.3,28.4,86,40,3.36,1594871066
4,Mehamn,NO,71.04,27.85,51.8,87,72,3.36,1594871080
5,Hermanus,ZA,-34.42,19.23,45.0,82,0,4.0,1594871141
6,Karpogory,RU,64.0,44.45,53.85,72,80,10.94,1594871280
7,Cooma,AU,-36.23,149.13,42.8,93,90,18.34,1594871266
8,Rikitea,PF,-23.12,-134.97,73.99,86,100,6.85,1594871229
9,Jamestown,US,42.1,-79.24,72.0,64,1,4.7,1594871065
10,Habiganj,BD,24.38,91.42,89.6,70,40,3.36,1594871280
11,Amarante do Maranhão,BR,-5.57,-46.74,71.92,72,0,1.95,1594871280
12,Busselton,AU,-33.65,115.33,64.99,78,22,25.68,1594871226
13,Sitka,US,57.05,-135.33,57.2,87,90,4.7,1594871141
14,Guaitarilla,CO,1.14,-77.55,48.74,86,98,8.32,1594871280
15,Jackson,US,42.42,-122.83,89.6,24,1,12.75,1594871220
16,Vaini,TO,-21.2,-175.2,77.0,78,75,6.93,1594871230
17,Bilibino,RU,68.05,166.44,48.76,89,100,3.76,1594871088
18,Bethel,US,41.37,-73.41,68.0,88,90,4.79,1594871117
19,Lleida,ES,41.62,0.62,62.01,72,4,4.7,1594871281
20,Mataura,NZ,-46.19,168.86,44.62,79,21,2.8,1594871142
21,Buin,CL,-33.73,-70.75,48.2,93,0,4.7,1594871281
22,Avarua,CK,-21.21,-159.78,71.6,64,95,5.82,1594871250
23,Belyy Yar,RU,53.6,91.39,62.6,55,75,6.71,1594871281
24,Tomohon,ID,1.33,124.84,87.8,66,20,4.7,1594871281
25,Atuona,PF,-9.8,-139.03,79.75,76,1,16.62,1594871227
26,San Andrés,CO,12.58,-81.7,82.4,88,40,8.05,1594871282
27,Hilo,US,19.73,-155.09,82.4,61,40,6.93,1594871047
28,Lamar,US,33.67,-95.58,84.99,74,1,6.93,1594871282
29,Upernavik,GL,72.79,-56.15,41.85,89,44,1.28,1594871236
30,Tautira,PF,-17.73,-149.15,78.8,83,75,5.82,1594871084
31,Puerto Ayora,EC,-0.74,-90.35,66.0,90,96,1.01,1594871233
32,Lorengau,PG,-2.02,147.27,85.69,62,0,6.98,1594871243
33,Noumea,NC,-22.28,166.46,75.2,41,0,11.41,1594871271
34,Vilhena,BR,-12.74,-60.15,69.31,51,0,2.91,1594871282
35,Morros,BR,-9.45,-46.3,71.83,52,0,5.08,1594871282
36,Fortuna,US,40.6,-124.16,59.0,82,1,8.05,1594871058
37,Nicoya,CR,10.15,-85.45,73.8,91,100,1.59,1594871102
38,Nacala,MZ,-14.54,40.67,70.5,75,11,15.48,1594871283
39,Dubbo,AU,-32.25,148.62,57.2,54,40,12.75,1594871283
40,Talnakh,RU,69.49,88.4,50.0,87,90,11.18,1594871276
41,Tasiilaq,GL,65.61,-37.64,44.6,70,0,4.7,1594871232
42,Puerto Escondido,MX,15.85,-97.07,80.33,77,30,3.98,1594871283
43,Bereket,TM,39.24,55.52,84.29,55,2,17.56,1594871071
44,College,US,64.86,-147.8,68.0,59,75,5.82,1594871053
45,Lebu,CL,-37.62,-73.65,51.03,90,100,5.88,1594871248
46,Leshukonskoye,RU,64.9,45.76,53.06,66,99,9.82,1594871283
47,George Town,MY,5.41,100.34,89.6,79,20,2.24,1594871234
48,Honiara,SB,-9.43,159.95,91.4,63,40,8.05,1594871284
49,Chimbote,PE,-9.09,-78.58,61.38,87,91,7.9,1594871284
50,Geraldton,AU,-28.77,114.6,62.6,93,75,9.17,1594871184
51,Caramoran,PH,13.98,124.13,88.5,63,13,3.62,1594871284
52,Touros,BR,-5.2,-35.46,71.6,100,40,3.36,1594871235
53,Tuktoyaktuk,CA,69.45,-133.04,57.2,62,75,8.05,1594870704
54,Nanortalik,GL,60.14,-45.24,42.37,88,5,7.11,1594871252
55,Albany,US,42.6,-73.97,73.0,85,67,7.61,1594871113
56,New Norfolk,AU,-42.78,147.06,53.01,84,98,0.58,1594871238
57,Ayan,RU,56.45,138.17,57.58,87,73,11.32,1594871273
58,Kambi,GR,39.22,20.9,68.0,94,20,3.33,1594871284
59,Ayagoz,KZ,47.97,80.44,77.81,45,0,14.43,1594871099
60,Teeswater,CA,44.0,-81.29,73.99,81,99,11.3,1594871285
61,Bogotol,RU,56.21,89.53,64.35,61,36,5.44,1594871285
62,San Jerónimo,PE,-11.95,-75.28,47.97,70,62,2.44,1594871285
63,Igrim,RU,63.19,64.42,62.4,65,66,7.36,1594871257
64,Dwārka,IN,22.24,68.97,84.54,83,97,9.19,1594871265
65,Vágur,FO,61.47,-6.81,52.65,97,100,20.62,1594871285
66,Khandyga,RU,62.67,135.6,80.94,29,8,5.55,1594871102
67,Port Lincoln,AU,-34.73,135.87,58.24,72,1,8.48,1594871248
68,Mozarlândia,BR,-14.74,-50.57,71.91,28,34,8.93,1594871285
69,Ponta do Sol,PT,32.67,-17.1,68.0,68,40,11.41,1594871249
70,Punta Arenas,CL,-53.15,-70.92,32.0,95,7,3.18,1594871228
71,Narsaq,GL,60.92,-46.05,48.2,70,0,5.82,1594871082
72,Bredasdorp,ZA,-34.53,20.04,39.2,93,0,8.05,1594871237
73,Shaowu,CN,27.34,117.48,93.97,50,100,4.74,1594871286
74,Labuan,MY,5.28,115.24,87.8,79,20,2.24,1594871286
75,Paralímni,CY,35.04,33.98,79.0,83,0,5.82,1594871286
76,Thompson,CA,55.74,-97.86,59.0,100,75,8.05,1594871071
77,Svetlaya,RU,46.54,138.33,67.14,73,11,10.65,1594871286
78,Provideniya,RU,64.38,-173.3,50.0,81,75,11.18,1594871237
79,Tiksi,RU,71.69,128.87,36.57,83,66,20.09,1594871073
80,Kenai,US,60.55,-151.26,73.4,67,1,10.29,1594871275
81,Saint-Augustin,CA,51.23,-58.65,49.98,77,0,3.02,1594871286
82,Pierre,US,44.37,-100.35,71.6,60,1,8.05,1594871286
83,Nosivka,UA,50.93,31.58,56.28,83,39,1.05,1594871286
84,Byron Bay,AU,-28.65,153.62,69.01,48,0,1.99,1594871089
85,Khatanga,RU,71.97,102.5,52.0,94,100,10.27,1594871233
86,Pevek,RU,69.7,170.31,46.15,96,100,6.42,1594871235
87,Isangel,VU,-19.55,169.27,80.6,74,20,6.93,1594871259
88,Cobija,BO,-11.03,-68.77,72.82,85,12,0.87,1594871287
89,Cabo San Lucas,MX,22.89,-109.91,86.0,56,0,12.21,1594871109
90,Salalah,OM,17.02,54.09,80.6,94,90,4.7,1594870872
91,Cape Town,ZA,-33.93,18.42,45.0,86,0,1.12,1594870951
92,Hobart,AU,-42.88,147.33,53.01,76,75,4.7,1594871102
93,Port Alfred,ZA,-33.59,26.89,52.57,43,0,6.08,1594871227
94,Itoman,JP,26.12,127.67,86.0,89,75,14.99,1594871287
95,Xam Nua,LA,20.42,104.04,85.14,55,88,3.27,1594871287
96,Slave Lake,CA,55.28,-114.77,66.2,63,40,9.17,1594870801
97,Clive,US,41.6,-93.72,70.0,94,40,4.7,1594871288
98,Luanda,AO,-8.84,13.23,71.6,88,40,2.24,1594871050
99,Kudahuvadhoo,MV,2.67,72.89,84.56,68,96,6.85,1594871288
100,Faanui,PF,-16.48,-151.75,78.6,83,33,14.76,1594871254
101,Kapaa,US,22.08,-159.32,82.4,69,75,13.87,1594871244
102,Hirara,JP,24.8,125.28,91.4,66,75,24.16,1594871288
103,Bluff,NZ,-46.6,168.33,45.79,78,25,15.37,1594871143
104,Cap Malheureux,MU,-19.98,57.61,68.0,81,38,5.99,1594871260
105,Ancud,CL,-41.87,-73.82,48.0,100,90,4.7,1594871226
106,Arraial do Cabo,BR,-22.97,-42.03,66.88,71,97,3.49,1594871142
107,Port Hedland,AU,-20.32,118.57,80.6,13,0,16.11,1594871271
108,Miranda,CO,3.25,-76.23,75.2,73,40,8.05,1594871289
109,Asău,RO,46.43,26.4,59.0,82,100,2.71,1594871263
110,Vila Franca do Campo,PT,37.72,-25.43,66.2,82,75,8.05,1594871238
111,Northam,GB,51.03,-4.22,61.0,97,81,1.01,1594871073
112,São João da Barra,BR,-21.64,-41.05,67.17,78,100,8.3,1594871289
113,Amga,RU,60.9,131.96,88.25,35,0,1.07,1594871255
114,West Lafayette,US,40.43,-86.91,75.2,83,75,9.17,1594871160
115,Am Timan,TD,11.03,20.28,70.74,93,100,7.54,1594871289
116,Kaitangata,NZ,-46.28,169.85,46.0,80,39,15.01,1594871227
117,Yellowknife,CA,62.46,-114.35,63.0,63,20,10.29,1594871109
118,Clyde River,CA,70.47,-68.59,55.4,54,75,6.93,1594871290
119,Half Moon Bay,US,37.46,-122.43,66.0,87,90,9.17,1594871049
120,Yatou,CN,37.15,122.38,81.32,60,0,9.37,1594871290
121,Vostryakovo,RU,55.4,37.81,61.0,87,20,6.71,1594871290
122,Barrow,US,71.29,-156.79,44.6,70,1,9.17,1594871161
123,Wazirabad,PK,32.45,74.12,82.4,78,75,9.17,1594871056
124,Cidreira,BR,-30.18,-50.21,50.63,67,0,9.01,1594871243
125,Khovd,MN,48.01,91.64,67.42,44,17,4.54,1594871249
126,Port Elizabeth,ZA,-33.92,25.57,39.2,86,1,4.7,1594871245
127,Polson,US,47.69,-114.16,70.0,40,14,2.44,1594871290
128,Coyhaique,CL,-45.58,-72.07,33.8,100,90,3.36,1594871240
129,Mar del Plata,AR,-38.0,-57.56,45.0,69,1,5.82,1594871065
130,Taoudenni,ML,22.68,-3.98,93.15,33,0,10.58,1594871065
131,Iqaluit,CA,63.75,-68.51,57.2,47,20,3.36,1594871247
132,Sozimskiy,RU,59.74,52.25,75.78,73,76,4.79,1594871291
133,Butaritari,KI,3.07,172.79,83.26,66,99,8.59,1594871229
134,Bismil,TR,37.85,40.67,78.8,68,0,5.82,1594871291
135,Rawson,AR,-43.3,-65.1,44.06,72,100,2.08,1594871144
136,Antalaha,MG,-14.9,50.28,67.57,85,3,6.51,1594871291
137,Maceió,BR,-9.67,-35.74,71.6,100,40,3.36,1594871291
138,Huanren,CN,41.26,125.37,83.84,58,0,3.6,1594871291
139,Akdepe,TM,42.06,59.38,86.0,23,0,6.93,1594871291
140,Thongwa,MM,16.76,96.53,84.2,83,75,3.36,1594871291
141,Dunedin,NZ,-45.87,170.5,45.0,68,30,15.01,1594871063
142,Grand-Lahou,CI,5.14,-5.02,73.99,83,100,8.28,1594871096
143,Chokurdakh,RU,70.63,147.92,37.76,92,100,12.12,1594871236
144,Sinegorskiy,RU,48.01,40.84,67.24,57,71,1.28,1594871292
145,Fuerte Olimpo,PY,-21.04,-57.87,71.58,69,1,2.13,1594871292
146,Hong Kong,HK,22.29,114.16,91.99,73,76,11.99,1594871157
147,Dauphin,CA,51.15,-100.05,68.0,60,75,12.75,1594871292
148,Hīt,IQ,33.64,42.83,90.45,16,0,16.69,1594871273
149,Kahului,US,20.89,-156.47,84.2,48,40,19.46,1594871017
150,Guánica,PR,17.97,-66.91,77.0,93,2,4.63,1594871292
151,Yar-Sale,RU,66.83,70.83,53.82,58,46,18.88,1594871292
152,High Level,CA,58.52,-117.14,69.8,43,40,3.36,1594871293
153,Korla,CN,41.76,86.15,85.73,24,2,13.18,1594871226
154,Los Llanos de Aridane,ES,28.66,-17.92,69.8,77,90,14.99,1594871247
155,Saint-Philippe,RE,-21.36,55.77,66.2,68,40,6.93,1594871236
156,Ulladulla,AU,-35.35,150.47,60.8,48,75,16.11,1594871293
157,Hithadhoo,MV,-0.6,73.08,83.57,72,88,2.95,1594871235
158,Roald,NO,62.58,6.13,54.0,93,22,4.7,1594871293
159,Kaili,ID,-3.46,120.21,75.0,88,92,4.12,1594871262
160,Berlevåg,NO,70.86,29.09,51.8,87,27,3.36,1594871243
161,Meulaboh,ID,4.14,96.13,83.77,77,63,4.99,1594870825
162,East London,ZA,-33.02,27.91,53.91,41,8,4.83,1594871239
163,Hokitika,NZ,-42.72,170.97,52.02,55,100,3.36,1594871250
164,Deputatsky,RU,69.3,139.9,44.31,60,96,9.51,1594871258
165,Nikolskoye,RU,59.7,30.79,59.0,77,91,8.95,1594871230
166,Puerto Ayacucho,VE,5.66,-67.62,73.6,89,99,1.81,1594871294
167,North Bend,US,43.41,-124.22,66.0,100,90,21.92,1594871267
168,Vanimo,PG,-2.67,141.3,86.13,65,23,7.94,1594871294
169,Broome,US,42.25,-75.83,69.8,73,1,6.93,1594871294
170,College Station,US,30.63,-96.33,87.8,55,1,11.41,1594871294
171,Oriximiná,BR,-1.77,-55.87,76.64,78,53,2.82,1594871294
172,Pangnirtung,CA,66.15,-65.71,56.12,41,35,3.06,1594870764
173,Nantucket,US,41.28,-70.1,64.0,87,1,8.05,1594871294
174,Bengkulu,ID,-3.8,102.27,88.11,57,36,1.88,1594871240
175,Payo,ID,-3.75,103.64,85.8,67,39,4.32,1594871075
176,Jardim,BR,-21.48,-56.14,70.34,74,2,4.47,1594871295
177,Yulara,AU,-25.24,130.99,64.4,23,0,11.41,1594871079
178,Padang,ID,-0.95,100.35,86.81,59,8,3.6,1594871231
179,Ukhta,RU,63.57,53.68,50.49,87,96,9.17,1594871295
180,Vitória,BR,-20.32,-40.34,69.01,93,90,10.29,1594871275
181,Klaksvík,FO,62.23,-6.59,51.8,100,100,17.22,1594871232
182,Awjilah,LY,29.11,21.29,72.91,55,0,7.85,1594871260
183,Diffa,NE,13.32,12.61,82.98,53,0,8.05,1594871264
184,Liku,ID,-0.73,119.89,75.67,89,100,2.15,1594871295
185,San Rafael,AR,-34.62,-68.33,46.89,56,0,2.91,1594871295
186,Kavaratti,IN,10.57,72.64,80.6,88,90,11.41,1594871243
187,Balkanabat,TM,39.51,54.37,81.07,64,10,8.72,1594871295
188,Comodoro Rivadavia,AR,-45.87,-67.5,37.4,69,75,3.36,1594871202
189,Dikson,RU,73.51,80.55,40.24,96,100,4.97,1594871242
190,Umluj,SA,25.02,37.27,84.99,46,0,6.26,1594871296
191,Kulhudhuffushi,MV,6.62,73.07,83.98,78,100,14.61,1594871296
192,Kimbe,PG,-5.55,150.14,84.11,76,35,2.42,1594871274
193,Yumen,CN,40.28,97.2,81.93,16,32,1.92,1594871256
194,Thunder Bay,CA,48.4,-89.32,61.0,93,75,2.24,1594871158
195,Urengoy,RU,65.97,78.37,52.72,76,93,26.19,1594871296
196,Novy Urengoy,RU,66.08,76.63,52.92,69,85,25.41,1594871102
197,Lenoir,US,35.23,-77.65,78.8,78,1,5.14,1594871296
198,Idritsa,RU,56.33,28.9,55.04,72,99,7.0,1594871296
199,Ribeira Grande,PT,38.52,-28.7,68.47,78,85,4.85,1594871274
200,Ushtobe,KZ,45.25,77.98,88.93,20,0,7.2,1594871297
201,Katsuura,JP,35.13,140.3,78.01,63,86,7.7,1594871277
202,Bridlington,GB,54.08,-0.19,57.2,93,93,5.82,1594871099
203,Kalach-na-Donu,RU,48.69,43.53,71.6,46,89,6.71,1594871297
204,Rock Sound,BS,24.9,-76.2,83.68,75,29,12.37,1594871239
205,Prabumulih,ID,-3.45,104.25,83.43,81,44,3.0,1594871297
206,Pisco,PE,-13.7,-76.22,60.8,87,90,3.36,1594871249
207,Havre-St-Pierre,CA,50.23,-63.6,51.8,87,1,2.24,1594871298
208,Al Bardīyah,LY,31.76,25.09,73.44,72,0,16.22,1594871298
209,Ilulissat,GL,69.22,-51.1,44.6,70,36,3.36,1594871245
210,Marawi,PH,8.0,124.29,84.99,73,46,7.0,1594871278
211,Tres Arroyos,AR,-38.37,-60.28,43.66,69,24,12.48,1594871270
212,Baruun-Urt,MN,46.68,113.28,74.3,54,100,6.89,1594871298
213,Chicama,PE,-7.84,-79.15,62.33,84,45,5.06,1594871298
214,Bowen,AU,-20.02,148.23,73.99,29,0,1.99,1594871029
215,Torbay,CA,47.67,-52.73,50.0,100,90,23.04,1594871245
216,Charters Towers,AU,-20.1,146.27,72.03,27,2,10.18,1594871088
217,Roebourne,AU,-20.78,117.13,77.68,21,0,18.61,1594871298
218,Te Anau,NZ,-45.42,167.72,40.24,70,73,1.28,1594871298
219,Esperance,AU,-33.87,121.9,64.4,59,0,17.22,1594871253
220,Ordzhonīkīdze,KZ,52.44,61.74,79.7,48,0,5.14,1594871299
221,Zhangjiakou,CN,40.81,114.88,83.46,46,86,8.03,1594871299
222,Mayo,US,38.89,-76.51,75.99,88,75,17.22,1594871299
223,Mumford,GH,5.26,-0.76,73.08,89,100,8.52,1594871299
224,Balikpapan,ID,-1.27,116.83,77.0,100,40,4.7,1594871299
225,Alofi,NU,-19.06,-169.92,77.0,65,75,13.87,1594871241
226,Simpang,ID,-1.27,104.08,86.94,66,70,3.8,1594871299
227,Waipawa,NZ,-41.41,175.52,50.0,69,100,11.99,1594871089
228,Olafsvik,IS,64.89,-23.71,50.67,93,100,17.09,1594871231
229,Davila,PH,18.47,120.58,86.56,68,2,6.87,1594871251
230,Westport,US,41.14,-73.36,71.6,73,1,9.17,1594871164
231,Ramsar,IR,36.92,50.64,77.0,78,40,2.24,1594871300
232,Sehithwa,BW,-20.47,22.72,44.6,80,0,9.62,1594871300
233,Oranjestad,AW,12.52,-70.03,81.19,82,0,20.89,1594871300
234,Mayumba,GA,-3.43,10.66,69.71,89,92,5.06,1594871300
235,Pemangkat,ID,1.17,108.97,84.74,67,58,5.91,1594871300
236,Kiryat Gat,IL,31.61,34.76,73.99,70,2,3.76,1594871300
237,Laas,IT,46.62,10.7,50.0,100,40,4.7,1594871142
238,Pitsunda,GE,43.16,40.34,69.8,73,0,8.95,1594871300
239,Monze,ZM,-16.28,27.48,49.1,89,8,9.08,1594871300
240,Puerto Baquerizo Moreno,EC,-0.9,-89.6,66.38,91,52,7.43,1594871274
241,Mahébourg,MU,-20.41,57.7,66.2,93,75,3.36,1594871241
242,Novoagansk,RU,61.94,76.66,73.44,61,53,13.22,1594871301
243,Antofagasta,CL,-23.65,-70.4,51.8,93,8,3.36,1594871026
244,Carutapera,BR,-1.2,-46.02,74.34,92,1,4.47,1594871301
245,Husavik,IS,66.04,-17.34,51.8,81,90,5.82,1594871226
246,Srednekolymsk,RU,67.45,153.68,50.85,51,100,7.07,1594871239
247,Słupsk,PL,54.46,17.03,56.91,95,100,8.48,1594871301
248,Bose,IT,45.46,8.01,63.0,84,38,4.0,1594871301
249,Airai,TL,-8.93,125.41,71.49,65,52,4.9,1594871233
250,Palmer,US,42.16,-72.33,69.8,77,90,6.93,1594871302
251,Santa Maria,BR,-29.68,-53.81,46.51,64,90,10.04,1594871083
252,Longyearbyen,SJ,78.22,15.64,44.6,81,75,4.7,1594871230
253,Lüderitz,NA,-26.65,15.16,71.6,11,0,14.99,1594871239
254,Engel-Yurt,RU,43.33,46.36,75.2,69,38,4.47,1594871302
255,Rio Grande,BR,-32.03,-52.1,45.9,65,0,5.35,1594871167
256,Ubari,LY,26.59,12.78,77.97,26,0,7.4,1594871082
257,Okitipupa,NG,6.5,4.78,73.36,91,100,1.83,1594871302
258,Coquimbo,CL,-29.95,-71.34,50.0,87,20,5.82,1594871241
259,Souillac,MU,-20.52,57.52,66.2,93,75,3.36,1594871235
260,Qaanaaq,GL,77.48,-69.36,41.56,85,100,5.19,1594871236
261,Bétaré Oya,CM,5.6,14.08,64.9,95,77,1.32,1594871235
262,Leningradskiy,RU,69.38,178.42,47.43,76,99,15.77,1594871142
263,Hamilton,US,39.18,-84.53,81.0,83,1,5.66,1594871051
264,Māngrol,IN,21.12,70.12,84.47,80,98,8.88,1594871303
265,Rocha,UY,-34.48,-54.33,38.17,79,0,5.59,1594871260
266,Chapais,CA,49.78,-74.85,68.0,60,90,9.17,1594871261
267,Knyaze-Volkonskoye,RU,48.46,135.46,78.8,65,75,6.71,1594871303
268,Port Macquarie,AU,-31.43,152.92,63.0,51,40,19.46,1594870988
269,Aklavik,CA,68.22,-135.01,62.6,59,75,6.93,1594871142
270,Constitución,CL,-35.33,-72.42,53.56,91,89,10.49,1594870783
271,Tegul'det,RU,57.31,88.17,69.66,49,77,9.26,1594871303
272,Sosnovo-Ozerskoye,RU,52.52,111.54,74.37,57,74,14.29,1594871277
273,Yuanping,CN,38.72,112.76,84.02,48,39,5.1,1594871303
274,La Palma,US,33.85,-118.05,71.6,60,1,6.93,1594871197
275,Prainha,BR,-1.8,-53.48,72.36,95,25,3.38,1594871304
276,Varberg,SE,57.11,12.25,52.0,92,46,4.79,1594871304
277,Petropavlovsk-Kamchatskiy,RU,53.05,158.65,60.8,87,75,11.18,1594871304
278,Saint Paul Harbor,US,57.79,-152.41,75.2,38,20,10.29,1594871227
279,Maragogi,BR,-9.01,-35.22,74.08,82,0,5.93,1594871304
280,Norman Wells,CA,65.28,-126.83,60.8,87,90,6.93,1594871244
281,San Quintín,MX,30.48,-115.95,66.58,84,0,14.54,1594871304
282,Cayenne,GF,4.93,-52.33,75.2,100,20,9.1,1594871265
283,Khvastovichi,RU,53.47,35.09,53.6,87,90,8.95,1594871304
284,Bundaberg,AU,-24.85,152.35,69.8,22,0,13.87,1594871272
285,Nikolayevsk-on-Amur,RU,53.14,140.73,88.54,39,85,2.71,1594871234
286,Orlik,RU,52.52,99.83,57.96,48,76,5.21,1594871305
287,Wajid,SO,3.81,43.25,73.53,75,100,20.11,1594871305
288,Kongsberg,NO,59.67,9.65,50.0,31,15,1.14,1594871305
289,Barcelos,PT,41.54,-8.62,79.0,60,0,1.12,1594871098
290,Distrikt Brokopondo,SR,4.75,-55.17,77.09,85,10,6.53,1594871078
291,Xining,CN,36.62,101.77,61.27,73,100,2.8,1594871305
292,Pampas,PE,-12.4,-74.9,48.7,78,76,1.7,1594871305
293,Devils Lake,US,48.11,-98.87,71.6,56,1,8.05,1594871180
294,Juba,SS,4.85,31.58,68.52,94,100,1.72,1594871243
295,San Ramon,US,37.78,-121.98,70.0,56,1,12.75,1594870921
296,Bud,US,39.45,-86.18,80.01,82,81,8.55,1594871306
297,Kulunda,RU,52.57,78.94,71.65,47,0,14.36,1594871306
298,Sembakung,ID,3.82,117.25,82.45,84,94,3.67,1594871306
299,Hambantota,LK,6.12,81.12,86.0,79,20,14.99,1594871093
300,Hohhot,CN,40.81,111.65,77.0,61,20,4.47,1594871306
301,Saint-François,FR,46.42,3.91,60.8,72,12,2.24,1594871054
302,Araguaína,BR,-7.19,-48.21,75.31,49,0,2.1,1594871306
303,Boa Vista,BR,2.82,-60.67,78.8,83,71,1.12,1594870986
304,Guerrero Negro,MX,27.98,-114.06,67.64,82,2,17.47,1594871235
305,Arman',RU,59.7,150.17,60.13,78,46,7.23,1594871241
306,Jati,PK,24.35,68.27,90.0,63,76,10.96,1594871306
307,Mendi,PG,-6.18,143.65,65.25,90,32,3.94,1594871307
308,Safi,MA,32.3,-9.24,74.61,70,0,11.72,1594871307
309,Manadhoo,MV,5.77,73.38,83.71,78,100,12.24,1594871307
310,Shenzhen,CN,22.55,114.07,93.0,75,40,11.18,1594871055
311,Solnechnyy,RU,50.72,136.63,82.63,60,47,5.57,1594871233
312,Rafai,CF,4.95,23.92,68.25,99,100,0.45,1594871307
313,Poum,NC,-20.23,164.02,70.84,63,0,16.37,1594871060
314,Telimele,GN,10.92,-13.33,70.03,99,100,3.78,1594871307
315,Tabora,TZ,-5.02,32.8,63.77,65,77,6.38,1594871307
316,Santo Domingo,DO,18.5,-69.99,79.0,94,20,4.7,1594871272
317,Saskylakh,RU,71.92,114.08,67.42,31,86,19.69,1594871240
318,Xiongzhou,CN,25.12,114.3,95.04,49,83,8.86,1594871308
319,Alépé,CI,5.5,-3.66,75.2,94,20,4.7,1594871308
320,Daru,PG,-9.08,143.21,79.2,82,83,18.16,1594871261
321,Shache,CN,38.42,77.24,87.28,21,100,11.36,1594871308
322,Jalingo,NG,8.88,11.37,72.18,90,52,2.91,1594871308
323,Camacha,PT,33.08,-16.33,68.0,72,75,14.99,1594871086
324,Laranjeiras do Sul,BR,-25.41,-52.42,52.38,91,0,5.19,1594871308
325,Ol'ga,RU,43.74,135.29,74.35,59,7,9.71,1594871281
326,Hobyo,SO,5.35,48.53,80.11,70,96,22.46,1594871308
327,Codrington,AU,-38.27,141.97,55.18,66,0,4.23,1594871251
328,Mbala,ZM,-8.84,31.37,52.48,64,0,19.86,1594871309
329,Chui,UY,-33.7,-53.46,40.68,76,0,4.41,1594871238
330,Chake Chake,TZ,-5.25,39.77,76.01,73,77,15.14,1594871309
331,Avera,US,33.19,-82.53,82.4,74,1,3.36,1594871309
332,Faya,SA,18.39,42.45,73.4,32,40,5.79,1594871309
333,Dodge City,US,37.75,-100.02,72.0,94,1,4.7,1594871309
334,Haines Junction,CA,60.75,-137.51,60.48,52,71,6.42,1594871242
335,Sistranda,NO,63.73,8.83,55.4,100,75,4.7,1594871054
336,Dingle,PH,11.0,122.67,85.87,71,98,7.72,1594871253
337,Atbasar,KZ,51.8,68.33,76.35,47,0,9.95,1594871310
338,Flinders,AU,-34.58,150.86,63.0,59,87,10.0,1594871060
339,Pa Daet,TH,19.5,99.99,88.0,70,40,2.24,1594871310
340,Uglovoye,UA,44.82,33.6,65.1,54,27,6.91,1594871310
341,Batagay-Alyta,RU,67.8,130.41,51.73,51,97,10.04,1594871310
342,Lexington,US,37.99,-84.48,78.8,65,1,4.7,1594871310
343,Sola,VU,-13.88,167.55,84.2,74,75,5.82,1594871310
344,Bjørnevatn,NO,69.67,29.98,57.2,71,0,14.99,1594871310
345,Pandan,PH,14.05,124.17,88.14,65,16,7.56,1594871080
346,Bonavista,CA,48.65,-53.11,48.99,78,100,11.01,1594871245
347,Tiznit Province,MA,29.58,-9.5,75.43,49,0,1.52,1594871084
348,Homer,US,59.64,-151.55,69.8,49,1,10.29,1594870797
349,Wenling,CN,28.37,121.36,91.0,54,68,9.24,1594871311
350,Beloha,MG,-25.17,45.05,58.19,84,0,5.57,1594871228
351,Mathbaria,BD,22.29,89.96,90.09,61,62,7.94,1594871311
352,Altamira,BR,-3.2,-52.21,71.35,92,0,1.95,1594871311
353,Alekseyevka,RU,50.63,38.69,58.08,75,5,6.71,1594871076
354,Harper,LR,4.38,-7.72,74.7,71,100,5.17,1594871311
355,Ratnagiri,IN,16.98,73.3,79.12,87,100,17.94,1594871311
356,Novorzhev,RU,57.03,29.33,55.18,73,100,6.02,1594871311
357,Carnarvon,AU,-24.87,113.63,82.4,42,40,11.41,1594871176
358,São Borja,BR,-28.66,-56.0,53.6,71,98,6.22,1594871311
359,Severo-Kuril'sk,RU,50.68,156.12,53.37,87,83,6.93,1594871234
360,Bambous Virieux,MU,-20.34,57.76,68.0,93,75,3.36,1594871237
361,Winnemucca,US,40.97,-117.74,87.8,7,1,5.82,1594871193
362,Nhulunbuy,AU,-12.23,136.77,84.2,51,20,16.11,1594871226
363,Esim,GH,4.87,-2.24,73.69,86,100,8.93,1594871077
364,Saint George,US,37.1,-113.58,98.6,12,1,8.05,1594871129
365,Kikwit,CD,-5.04,18.82,72.73,68,40,0.85,1594871312
366,Ostrovnoy,RU,68.05,39.51,57.96,68,2,6.85,1594871264
367,Lithakia,GR,37.72,20.83,68.0,88,0,3.02,1594871312
368,Wanning,CN,18.8,110.4,89.42,65,17,14.38,1594871312
369,Tual,ID,-5.67,132.75,79.11,85,22,21.32,1594871095
370,Satipo,PE,-11.25,-74.64,70.11,80,72,0.45,1594871313
371,Guozhen,CN,34.37,107.36,80.53,61,92,6.29,1594871148
372,Genhe,CN,50.78,121.52,87.94,40,57,2.08,1594871313
373,Sikandra Rao,IN,27.7,78.4,94.89,48,25,11.16,1594871313
374,Petrokamenskoye,RU,57.72,60.65,82.83,55,0,4.0,1594871313
375,Sokoni,TZ,-6.43,39.55,76.82,76,98,27.6,1594871313
376,Kayes,ML,14.0,-11.0,84.2,70,20,9.17,1594871313
377,Murgab,TM,37.5,61.97,84.2,48,40,11.41,1594871313
378,Lata,PT,40.16,-8.33,73.99,82,0,2.24,1594871231
379,Tura,IN,25.52,90.22,81.55,86,47,5.91,1594871313
380,Boma,GH,7.08,-2.17,66.04,96,100,2.51,1594871314
381,Port Blair,IN,11.67,92.75,81.64,81,100,11.36,1594871314
382,Boca do Acre,BR,-8.75,-67.4,72.46,89,9,1.45,1594871314
383,Ballina,AU,-28.87,153.57,69.01,42,0,4.0,1594871063
384,Tuatapere,NZ,-46.13,167.68,42.75,74,17,3.65,1594870794
385,Kalmunai,LK,7.42,81.82,86.07,63,97,4.25,1594871069
386,Hasaki,JP,35.73,140.83,77.0,78,75,5.82,1594871265
387,Puerto Carreño,CO,6.19,-67.49,74.1,90,100,6.53,1594871029
388,Coahuayana Viejo,MX,18.73,-103.68,77.63,84,97,3.71,1594871247
389,Tsiroanomandidy,MG,-18.77,46.03,55.78,88,41,2.51,1594871314
390,Khorinsk,RU,52.17,109.77,74.28,55,19,14.36,1594871315
391,Olinda,BR,-8.01,-34.86,75.2,88,40,3.36,1594871315
392,Vagay,RU,57.94,69.02,83.12,60,0,7.43,1594871315
393,Ahipara,NZ,-35.17,173.17,62.53,84,100,7.11,1594871315
394,Calvinia,ZA,-31.47,19.78,37.71,66,0,9.78,1594871088
395,Caçu,BR,-18.56,-51.13,74.62,43,79,5.1,1594871315
396,Sakakah,SA,29.97,40.21,87.8,12,0,5.82,1594871271
397,Kamenka,RU,51.32,42.77,61.0,77,38,3.0,1594871085
398,Santa Rosa,PH,14.31,121.11,93.0,59,57,7.0,1594871315
399,Mayor Pablo Lagerenza,PY,-19.93,-60.77,75.29,58,65,3.36,1594871315
400,Bograd,RU,54.23,90.83,62.6,55,84,6.71,1594871315
401,Giżycko,PL,54.04,21.76,57.36,90,96,6.64,1594871316
402,Waddān,LY,29.16,16.14,74.07,44,0,6.78,1594871316
403,Lima,PE,-12.04,-77.03,59.0,87,90,11.41,1594871018
404,Kodinsk,RU,58.69,99.18,63.72,47,19,10.13,1594871316
405,Vardø,NO,70.37,31.11,57.2,71,31,5.82,1594871270
406,Port Hardy,CA,50.7,-127.42,68.0,77,75,8.05,1594871257
407,Fairlie,GB,55.76,-4.86,55.99,91,100,4.0,1594871316
408,Juegang,CN,32.32,121.19,80.01,74,40,11.21,1594871316
409,Saldanha,ZA,-33.01,17.94,42.8,75,0,2.24,1594871237
410,Irupi,BR,-20.35,-41.64,59.72,94,98,3.53,1594871317
411,Nagato,JP,34.38,131.2,78.8,69,75,8.05,1594871276
412,Neuquén,AR,-38.95,-68.06,41.0,86,100,2.24,1594871091
413,Kloulklubed,PW,7.04,134.26,82.4,78,75,5.82,1594871102
414,Necochea,AR,-38.55,-58.74,39.0,82,10,7.0,1594871039
415,Ryōtsu-minato,JP,38.08,138.43,75.2,78,75,9.17,1594871317
416,Fairbanks,US,64.84,-147.72,68.0,59,75,5.82,1594871163
417,Ugra,RU,54.78,34.33,52.59,94,100,9.31,1594871317
418,Vao,NC,-22.67,167.48,69.67,71,19,21.3,1594871317
419,Onguday,RU,50.75,86.15,68.77,58,83,2.77,1594871244
420,Banamba,ML,13.55,-7.45,77.56,76,100,4.14,1594871318
421,Beirut,LB,33.89,35.49,78.8,78,75,5.82,1594871018
422,Makakilo City,US,21.35,-158.09,86.0,54,90,6.93,1594871092
423,Kargil,IN,34.57,76.1,59.86,34,20,3.22,1594871318
424,Caxito,AO,-8.58,13.66,71.6,88,40,2.24,1594871092
425,Lucapa,AO,-8.42,20.74,57.74,37,2,4.88,1594871318
426,Kruisfontein,ZA,-34.0,24.73,42.39,58,34,4.27,1594871252
427,Sørland,NO,67.67,12.69,55.09,83,90,4.32,1594871085
428,Bacong,PH,9.25,123.3,84.11,74,100,9.78,1594871319
429,La Asuncion,VE,11.03,-63.86,80.6,88,8,11.41,1594871319
430,Mulchén,CL,-37.72,-72.23,47.73,91,100,3.24,1594871319
431,Broken Hill,AU,-31.95,141.43,60.8,31,0,11.41,1594871235
432,Amahai,ID,-3.33,128.92,79.7,84,77,9.1,1594871254
433,Monte Mor,BR,-22.95,-47.32,57.2,82,40,20.8,1594871319
434,Bac Lieu,VN,9.29,105.72,86.47,68,80,6.49,1594871319
435,Campechuela,CU,20.23,-77.28,77.59,87,24,13.06,1594871319
436,Ciudad Bolivar,VE,8.12,-63.55,77.36,84,68,8.25,1594871320
437,Grand Gaube,MU,-20.01,57.66,68.0,81,39,5.99,1594871320
438,Portland,US,45.52,-122.68,79.0,57,0,7.25,1594871176
439,Beyneu,KZ,45.32,55.2,90.5,20,0,9.22,1594871320
440,Brae,GB,60.4,-1.35,53.6,93,89,9.17,1594871320
441,Hervey Bay,AU,-25.3,152.85,70.0,34,0,8.01,1594871060
442,Yatsuomachi-higashikumisaka,JP,36.57,137.13,82.0,61,40,3.36,1594871320
443,Katherine,AU,-14.47,132.27,86.0,19,1,12.75,1594871320
444,Kutum,SD,14.2,24.67,72.46,67,99,11.14,1594871321
445,Sterling,US,39.01,-77.43,79.0,61,75,12.75,1594871250
446,Laguna,US,38.42,-121.42,78.8,44,1,9.17,1594871238
447,Sompeta,IN,18.93,84.6,86.07,70,25,7.29,1594871321
448,Saraland,US,30.82,-88.07,73.4,100,20,4.14,1594871321
449,Manokwari,ID,-0.87,134.08,85.12,65,1,9.64,1594871255
450,Ngunguru,NZ,-35.62,174.5,61.0,3,48,5.01,1594871321
451,Surenavan,AM,39.75,44.8,75.7,49,0,4.7,1594871321
452,Yebaishou,CN,41.4,119.64,93.09,28,3,8.93,1594871321
453,Linxia Chengguanzhen,CN,35.6,103.21,76.8,44,78,5.73,1594871321
454,Kirkwall,GB,58.98,-2.96,55.0,100,100,8.05,1594871321
455,Marzuq,YE,14.4,46.47,76.51,52,100,8.16,1594871270
456,Port-Gentil,GA,-0.72,8.78,73.6,80,100,6.38,1594871247
457,Rājākhera,IN,26.9,78.17,95.18,47,0,11.21,1594871322
458,Tairua,NZ,-37.02,175.85,53.01,88,100,18.99,1594871322
459,Inuvik,CA,68.35,-133.72,62.6,59,75,6.93,1594871322
460,Botwood,CA,49.15,-55.35,48.0,87,100,5.84,1594871322
461,Mizdah,LY,31.45,12.98,72.03,47,0,3.0,1594871256
462,Ouadda,CF,8.08,22.4,67.48,94,100,2.91,1594871322
463,Poya,NC,-21.35,165.15,72.27,52,4,8.93,1594871322
464,Abay,KZ,49.63,72.85,73.63,46,0,16.96,1594871322
465,Oruzgan,AF,32.83,66.0,81.88,25,18,4.27,1594871322
466,Tarakan,ID,3.3,117.63,79.54,85,100,13.02,1594871251
467,Paptalaya,HN,15.5,-84.32,76.8,92,100,2.91,1594871323
468,Callaguip,PH,18.07,120.49,85.48,71,12,6.24,1594871323
469,Lavrentiya,RU,65.58,-171.0,49.48,82,76,4.72,1594871246
470,Colmenar Viejo,ES,40.66,-3.77,66.99,56,93,3.11,1594871323
471,Ola,RU,59.58,151.28,59.18,82,51,9.91,1594871064
472,Havøysund,NO,71.0,24.66,57.2,81,81,2.24,1594871323
473,Erzin,TR,36.96,36.2,79.0,89,56,0.58,1594871082
474,Conceição do Araguaia,BR,-8.26,-49.26,73.63,49,0,2.15,1594871095
475,Chimoio,MZ,-19.12,33.48,51.8,100,75,11.41,1594871323
476,Porosozero,RU,62.72,32.73,52.29,75,100,8.48,1594871324
477,Tigil',RU,57.8,158.67,57.29,91,100,7.18,1594871324
478,Muros,ES,42.78,-9.06,61.0,75,25,7.0,1594871257
479,Lázaro Cárdenas,MX,17.96,-102.2,80.82,86,69,3.18,1594871324
480,Elizabeth City,US,36.29,-76.25,73.99,81,99,5.64,1594871324
481,Zemio,CF,5.03,25.14,67.87,97,100,2.3,1594871324
482,Rongcheng,CN,30.63,117.85,81.0,99,99,3.74,1594871227
483,Clonakilty,IE,51.62,-8.87,57.99,93,40,9.17,1594871324
484,Fort Nelson,CA,58.81,-122.7,69.8,52,75,4.7,1594871246
485,Okhotsk,RU,59.38,143.3,60.98,82,90,10.13,1594871324
486,Saint Anthony,US,45.02,-93.22,71.6,59,1,2.82,1594871325
487,Margate,GB,51.38,1.39,60.01,90,99,4.0,1594870822
488,Sibolga,ID,1.74,98.78,86.68,62,4,3.67,1594871247
489,Shido,JP,34.32,134.17,78.8,65,75,5.82,1594871325
490,Riverton,US,40.52,-111.94,78.8,24,1,4.7,1594871253
491,Trairi,BR,-3.28,-39.27,77.5,79,98,10.74,1594871325
492,Nazaré,BR,-13.04,-39.01,66.76,96,36,4.23,1594871325
493,Paita,PE,-5.09,-81.11,62.22,86,0,10.98,1594871180
494,La Ronge,CA,55.1,-105.28,62.6,72,75,11.41,1594871012
495,Ambilobe,MG,-13.2,49.05,71.06,76,80,2.82,1594871091
496,Honningsvåg,NO,70.98,25.97,53.6,81,53,2.24,1594871326
497,Kemlya,RU,54.7,45.24,62.65,75,49,11.52,1594871326
498,Heilbron,ZA,-27.28,27.97,31.05,76,0,5.01,1594871326
499,Balakhta,RU,55.38,91.6,62.22,60,59,3.71,1594871326
500,Monrovia,LR,6.3,-10.8,74.44,79,81,9.31,1594871279
501,Banjar,ID,-8.19,114.97,82.4,78,40,19.46,1594871326
502,Alice Springs,AU,-23.7,133.88,62.6,29,0,12.75,1594871244
503,San Patricio,MX,19.22,-104.7,78.17,82,100,1.95,1594871245
504,Nānākuli,US,21.39,-158.15,86.0,54,90,6.93,1594871018
505,Estrela,BR,-28.06,-50.94,43.07,88,39,5.03,1594871327
506,Wasilla,US,61.58,-149.44,75.2,49,1,4.7,1594871327
507,Krivosheino,RU,57.34,83.93,73.35,66,18,10.36,1594871327
508,Kavieng,PG,-2.57,150.8,84.61,65,24,3.31,1594871235
509,Edéa,CM,3.8,10.13,75.2,100,75,1.12,1594871327
510,Chulym,RU,55.1,80.96,69.69,66,0,3.76,1594871327
511,Fujin,CN,47.26,132.03,85.44,64,47,6.55,1594871327
512,Westlock,CA,54.15,-113.87,66.2,68,1,4.7,1594871327
513,Bam,IR,29.11,58.36,94.24,17,96,5.39,1594871328
514,Darhan,MN,49.49,105.92,55.15,81,100,12.57,1594871328
515,Zhangye,CN,38.93,100.45,73.62,47,100,5.41,1594871328
516,Mount Isa,AU,-20.73,139.5,75.2,16,0,6.93,1594871237
517,Masunga,BW,-20.62,27.45,42.53,84,25,14.56,1594871328
518,Pāveh,IR,35.04,46.36,75.2,38,0,9.17,1594871328
519,Plettenberg Bay,ZA,-34.05,23.37,52.23,42,59,4.41,1594871063
520,Kyrnasivka,UA,48.6,28.98,53.01,90,69,2.77,1594871328
521,Hualmay,PE,-11.1,-77.61,59.81,85,36,9.69,1594871329
522,Olmos,PE,-5.98,-79.75,63.03,82,4,3.36,1594871329
523,Sinfra,CI,6.62,-5.92,69.8,100,75,4.7,1594871329
524,Mīrābād,AF,30.44,61.84,93.79,20,0,19.98,1594871329
525,Steamboat Springs,US,40.48,-106.83,75.2,37,1,5.82,1594871329
526,Zhezkazgan,KZ,47.8,67.71,82.4,34,67,17.9,1594871257
527,Victor Harbor,AU,-35.57,138.62,59.0,74,69,6.35,1594871329
528,Bongor,TD,10.28,15.37,74.25,87,83,3.31,1594871329
529,Verkhniy Baskunchak,RU,48.23,46.72,75.04,46,0,8.55,1594871330
530,Bathsheba,BB,13.22,-59.52,82.4,74,40,13.87,1594871247
531,Paamiut,GL,61.99,-49.67,44.53,74,21,13.33,1594871330
532,Mlonggo,ID,-6.53,110.7,88.09,54,45,4.85,1594871330
533,Krasnozerskoye,RU,53.98,79.24,72.82,52,32,7.52,1594871330
534,Barra do Corda,BR,-5.5,-45.25,74.01,71,27,2.24,1594871330
535,Vredendal,ZA,-31.67,18.5,50.11,44,0,13.62,1594871330
536,Cockburn Town,TC,21.46,-71.14,81.09,80,21,18.52,1594871278
537,Ca Mau,VN,9.18,105.15,89.65,62,18,3.13,1594871330
538,Norfolk,US,42.17,-71.25,61.0,87,1,1.74,1594871330
539,Quryq,KZ,43.2,51.65,86.99,46,92,10.4,1594871330
540,Carauari,BR,-4.88,-66.9,73.51,72,99,1.39,1594871331
541,Rājsamand,IN,25.07,73.88,80.6,94,75,2.24,1594871331
542,Yerbogachën,RU,61.28,108.01,59.23,66,91,10.65,1594871059
543,Jianning,CN,27.83,113.15,86.0,79,20,4.47,1594871331
544,Córdoba,AR,-31.41,-64.18,51.01,56,43,5.82,1594871307
545,Omboué,GA,-1.57,9.26,71.96,87,99,1.19,1594871331
546,Arrondissement de Saint-Denis,FR,48.92,2.33,62.6,72,90,6.93,1594871331
547,Beauchamps,FR,50.01,1.52,59.0,79,97,6.38,1594871331
548,Natal,BR,-5.79,-35.21,73.4,94,40,6.93,1594871271
549,Alta Gracia,AR,-31.65,-64.43,51.01,61,6,5.82,1594871332
550,Boulder,US,40.08,-105.35,73.0,53,1,4.97,1594870822
551,Bima,ID,-8.47,118.72,89.06,46,43,5.06,1594871332
552,Raja,SS,8.46,25.68,68.94,91,100,3.09,1594871332
553,Maniwaki,CA,46.38,-75.97,62.2,88,97,4.68,1594871332
554,Bitung,ID,1.45,125.18,87.8,66,20,4.7,1594871332
555,Tilichiki,RU,60.47,166.1,54.07,84,91,7.18,1594871275
556,Ugep,NG,5.81,8.08,70.59,99,100,2.13,1594871332
557,La Unión,PE,-5.4,-80.75,65.37,78,0,12.17,1594871332
558,Gizo Government Station,SB,-8.1,156.84,84.22,70,90,5.97,1594871087
559,Kamaishi,JP,39.27,141.88,68.0,82,75,4.7,1594871062
560,Caravelas,BR,-17.71,-39.25,70.95,88,51,12.33,1594871258
561,At-Bashi,KG,41.17,75.81,70.09,32,66,2.28,1594871333
